"","alphabetical","DMA","dmamean_anger","dmamean_advantage","dmamean_fear","dmamean_isolated","dmamean_rc","dma_ord","region","weather","weather....white.history.month.","whm_estimate","region_first3"
"1",1,"ABILENE (TX) - SWEETWATER (TX)",0.741379310344828,0.603448275862069,0.25,0.439655172413793,0.508620689655172,"ABILENE (TX) - SWEETWATER (TX)","Abilene-Sweetwater TX",56,55.87,6.36100259717434,"ABI"
"2",2,"ALBANY (GA)",0.8125,0.5625,0.322916666666667,0.354166666666667,0.513020833333333,"ALBANY (GA)","Albany GA",67,66.74,7.57864375587545,"ALB"
"3",3,"ALBANY (NY) - SCHENECTADY (NY) - TROY (NY)",0.835972850678733,0.397727272727273,0.297511312217195,0.30316742081448,0.457386363636364,"ALBANY (NY) - SCHENECTADY (NY) - TROY (NY)","Albany-Schenectady-Troy NY",68,67.87,7.73256564743387,"ALB"
"4",4,"ALBUQUERQUE (NM) - SANTA FE (NM)",0.81625,0.395,0.22625,0.326633165829146,0.440954773869347,"ALBUQUERQUE (NM) - SANTA FE (NM)","Albuquerque-Santa Fe NM",62.13,62.4,7.18356570879512,"ALB"
"5",5,"ALEXANDRIA (LA)",0.734375,0.558823529411765,0.279411764705882,0.426470588235294,0.51171875,"ALEXANDRIA (LA)","Alexandria LA",62,62.4,7.20833207978744,"ALE"
"6",6,"ALPENA (MI)",0.729166666666667,0.416666666666667,0.229166666666667,0.3125,0.421875,"ALPENA (MI)","Alpena MI",100,100,11.4296920854961,"ALP"
"7",7,"AMARILLO (TX)",0.833333333333333,0.625,0.258333333333333,0.358333333333333,0.51875,"AMARILLO (TX)","Amarillo TX",77,77.06,8.81915135384896,"AMA"
"8",8,"ANCHORAGE (AK)",0.847222222222222,0.49537037037037,0.268518518518519,0.333333333333333,0.486111111111111,"ANCHORAGE (AK)","Anchorage AK",56,56.4,6.52255055465767,"ANC"
"9",9,"ATLANTA (GA)",0.801282051282051,0.518518518518518,0.312767475035663,0.365357142857143,0.498748211731044,"ATLANTA (GA)","Atlanta GA",50,51.87,6.28483600594395,"ATL"
"10",10,"AUGUSTA (GA)",0.841216216216216,0.625,0.202702702702703,0.397260273972603,0.517123287671233,"AUGUSTA (GA)","Augusta GA",78,77.87,8.87553485598348,"AUG"
"11",11,"AUSTIN (TX)",0.836021505376344,0.339605734767025,0.253584229390681,0.325268817204301,0.438620071684588,"AUSTIN (TX)","Austin TX",55,55,6.28633064702284,"AUS"
"12",12,"BAKERSFIELD (CA)",0.854545454545454,0.490909090909091,0.236607142857143,0.304545454545455,0.465277777777778,"BAKERSFIELD (CA)","Bakersfield CA",67,66.87,7.61826872657891,"BAK"
"13",13,"BALTIMORE (MD)",0.818181818181818,0.469373219373219,0.319602272727273,0.301994301994302,0.476964285714286,"BALTIMORE (MD)","Baltimore MD",64,64.4,7.43692592149736,"BAL"
"14",14,"BANGOR (ME)",0.822463768115942,0.452898550724638,0.177536231884058,0.329710144927536,0.445652173913043,"BANGOR (ME)","Bangor ME",84,83.53,9.45768184235035,"BAN"
"15",15,"BATON ROUGE (LA)",0.773529411764706,0.623529411764706,0.311764705882353,0.35,0.514705882352941,"BATON ROUGE (LA)","Baton Rouge LA",47,46,5.06714781323346,"BAT"
"16",16,"BEAUMONT (TX) - PORT ARTHUR (TX)",0.742857142857143,0.544117647058823,0.314285714285714,0.4,0.507352941176471,"BEAUMONT (TX) - PORT ARTHUR (TX)","Beaumont-Port Arthur TX",66,66.53,7.70514473391074,"BEA"
"17",17,"BEND (OR)",0.848214285714286,0.401785714285714,0.259259259259259,0.258928571428571,0.439814814814815,"BEND (OR)","Bend OR",79,80.93,9.6177351587548,"BEN"
"18",18,"BILLINGS (MT)",0.78,0.55,0.305,0.36,0.49875,"BILLINGS (MT)","Billings, MT",80,78.87,8.79932123074371,"BIL"
"19",19,"BILOXI (MS) - GULFPORT (MS)",0.817567567567568,0.648648648648649,0.290540540540541,0.371621621621622,0.532094594594595,"BILOXI (MS) - GULFPORT (MS)","Biloxi-Gulfport MS",59.87,60,6.88258162228996,"BIL"
"20",20,"BINGHAMTON (NY)",0.8046875,0.44921875,0.28125,0.26953125,0.451171875,"BINGHAMTON (NY)","Binghamton NY",71,70.53,7.97182187123586,"BIN"
"21",21,"BIRMINGHAM (AL) - ANNISTON (AL) - TUSCALOOSA (AL)",0.805232558139535,0.572674418604651,0.305555555555556,0.394117647058824,0.521079881656805,"BIRMINGHAM (AL) - ANNISTON (AL) - TUSCALOOSA (AL)","Birmingham AL",59,60.74,7.27388332293514,"BIR"
"22",22,"BLUEFIELD (WV) - BECKLEY (WV) - OAK HILL (WV)",0.827702702702703,0.635135135135135,0.310810810810811,0.412162162162162,0.546452702702703,"BLUEFIELD (WV) - BECKLEY (WV) - OAK HILL (WV)","Bluefield-Beckley-Oak Hill WV",80,79.8,9.08279217500692,"BLU"
"23",23,"BOISE (ID)",0.779527559055118,0.482283464566929,0.293650793650794,0.385826771653543,0.486607142857143,"BOISE (ID)","Boise ID",57,57.4,6.63684747551263,"BOI"
"24",24,"BOSTON (MA) - MANCHESTER (NH)",0.846573982125124,0.390159045725646,0.256965174129353,0.309642147117296,0.4506875,"BOSTON (MA) - MANCHESTER (NH)","Boston MA-Manchester NH",63,63.8,7.44455198742227,"BOS"
"25",25,"BOWLING GREEN (KY)",0.8,0.51875,0.28125,0.375,0.49375,"BOWLING GREEN (KY)","Bowling Green KY",60,60.87,7.12299774754387,"BOW"
"26",26,"BUFFALO (NY)",0.820987654320988,0.497685185185185,0.31712962962963,0.346450617283951,0.495563271604938,"BUFFALO (NY)","Buffalo NY",64,64.87,7.58018543096372,"BUF"
"27",27,"BURLINGTON (VT) - PLATTSBURGH (NY)",0.828859060402685,0.337248322147651,0.24496644295302,0.281879194630872,0.423238255033557,"BURLINGTON (VT) - PLATTSBURGH (NY)","Burlington VT-Plattsburgh NY",72,73.87,8.79936826475309,"BUR"
"28",28,"BUTTE (MT) - BOZEMAN (MT)",0.732142857142857,0.580357142857143,0.196428571428571,0.410714285714286,0.479910714285714,"BUTTE (MT) - BOZEMAN (MT)","Butte-Bozeman MT",81,82.06,9.58114650421849,"BUT"
"29",29,"CASPER (WY) - RIVERTON (WY)",0.818965517241379,0.491379310344828,0.258620689655172,0.310344827586207,0.469827586206897,"CASPER (WY) - RIVERTON (WY)","Casper-Riverton WY",78,78.74,9.1407173522297,"CAS"
"30",30,"CEDAR RAPIDS (IA) - WATERLOO (IA) - IOWA CITY (IA) - DUBUQUE (IA)",0.816137566137566,0.414021164021164,0.317460317460317,0.369047619047619,0.479166666666667,"CEDAR RAPIDS (IA) - WATERLOO (IA) - IOWA CITY (IA) - DUBUQUE (IA)","Cedar Rapids-Waterloo-Iowa City & Dubuque IA",68,69.74,8.30255561062979,"CED"
"31",31,"CHAMPAIGN (IL) - SPRINGFIELD (IL) - DECATUR (IL)",0.761111111111111,0.492592592592593,0.301851851851852,0.362962962962963,0.47962962962963,"CHAMPAIGN (IL) - SPRINGFIELD (IL) - DECATUR (IL)","Champaign & Springfield-Decatur IL",60.87,61.53,7.15842650062825,"CHA"
"32",32,"CHARLESTON (SC)",0.815340909090909,0.531609195402299,0.261494252873563,0.344827586206897,0.4875,"CHARLESTON (SC)","Charleston SC",61,61,6.9721121721526,"CHA"
"33",33,"CHARLESTON (WV) - HUNTINGTON (WV)",0.824561403508772,0.541850220264317,0.298245614035088,0.366228070175439,0.507709251101322,"CHARLESTON (WV) - HUNTINGTON (WV)","Charleston-Huntington WV",60,61.4,7.28454570502721,"CHA"
"34",34,"CHARLOTTE (NC)",0.811820652173913,0.548913043478261,0.316757493188011,0.37874659400545,0.514134877384196,"CHARLOTTE (NC)","Charlotte NC",63,62.74,7.12145607245561,"CHA"
"35",35,"CHARLOTTESVILLE (VA)",0.99,0.31,0.21,0.19,0.425,"CHARLOTTESVILLE (VA)","Charlottesville VA",58,58.4,6.75114439636759,"CHA"
"36",36,"CHATTANOOGA (TN)",0.801923076923077,0.591603053435115,0.33969465648855,0.366412213740458,0.524519230769231,"CHATTANOOGA (TN)","Chattanooga TN",67,65.34,7.15191330214589,"CHA"
"37",37,"CHEYENNE (WY) - SCOTTSBLUF (NE)",0.770833333333333,0.416666666666667,0.1875,0.375,0.4375,"CHEYENNE (WY) - SCOTTSBLUF (NE)","Cheyenne WY-Scottsbluff NE",74,74.4,8.57989513004697,"CHE"
"38",38,"CHICAGO (IL)",0.815446127946128,0.427731092436975,0.304924242424242,0.310126582278481,0.463696020321761,"CHICAGO (IL)","Chicago IL",59,58,6.43871086349299,"CHI"
"39",39,"CHICO (CA) - REDDING (CA)",0.758064516129032,0.524193548387097,0.25,0.362903225806452,0.473790322580645,"CHICO (CA) - REDDING (CA)","Chico-Redding CA",70,70.53,8.16233241733059,"CHI"
"40",40,"CINCINNATI (OH)",0.828666666666667,0.462,0.297459893048128,0.330428954423592,0.479334677419355,"CINCINNATI (OH)","Cincinnati OH",63,62,6.89589854691283,"CIN"
"41",41,"CLARKSBURG (WV) - WESTON (WV)",0.789772727272727,0.5625,0.301136363636364,0.340909090909091,0.498579545454545,"CLARKSBURG (WV) - WESTON (WV)","Clarksburg-Weston WV",70,72.06,8.62868784176361,"CLA"
"42",42,"CLEVELAND (OH) - AKRON (OH) - CANTON (OH)",0.795839753466872,0.475308641975309,0.306027820710974,0.335130970724191,0.477941176470588,"CLEVELAND (OH) - AKRON (OH) - CANTON (OH)","Cleveland-Akron (Canton) OH",58,60.4,7.36075933026697,"CLE"
"43",43,"COLORADO SPRINGS (CO) - PUEBLO (CO)",0.779874213836478,0.515723270440252,0.257861635220126,0.360759493670886,0.478639240506329,"COLORADO SPRINGS (CO) - PUEBLO (CO)","Colorado Springs-Pueblo CO",69,67.87,7.54205510133914,"COL"
"44",44,"COLUMBIA (SC)",0.793689320388349,0.570388349514563,0.313106796116505,0.33495145631068,0.503033980582524,"COLUMBIA1","Columbia SC",58,59.53,7.09557683402075,"COL"
"45",45,"COLUMBIA (MO) - JEFFERSON CITY (MO)",0.795774647887324,0.503521126760563,0.320422535211268,0.373239436619718,0.498239436619718,"COLUMBIA2","Columbia-Jefferson City MO",67,67.74,7.88345122282514,"COL"
"46",46,"COLUMBUS (GA)",0.761111111111111,0.579545454545455,0.322222222222222,0.372222222222222,0.508522727272727,"COLUMBUS (GA)","Columbus GA",60,60.87,7.12299774754387,"COL"
"47",47,"COLUMBUS (MS) - TUPELO (MS) - WEST POINT (MS)",0.825,0.566666666666667,0.3,0.35,0.510416666666667,"COLUMBUS (MS) - TUPELO (MS) - WEST POINT (MS)","Columbus OH",55,56.53,6.75268607145586,"COL"
"48",48,"COLUMBUS (OH)",0.818965517241379,0.45026525198939,0.302526595744681,0.303713527851459,0.468417553191489,"COLUMBUS2","Columbus-Tupelo-West Point MS",67,68.4,8.08462415101193,"COL"
"49",49,"CORPUS CHRISTI (TX)",0.75,0.685897435897436,0.307692307692308,0.365384615384615,0.52724358974359,"CORPUS CHRISTI (TX)","Corpus Christi TX",60,62.8,7.71127615875677,"COR"
"50",50,"DALLAS (TX) - FT. WORTH (TX)",0.790896159317212,0.510992907801418,0.287142857142857,0.384042553191489,0.493732091690544,"DALLAS (TX) - FT. WORTH (TX)","Dallas-Ft. Worth TX",50,50.53,5.87639400023137,"DAL"
"51",51,"DAVENPORT (IA) - ROCK ISLAND (IL) - MOLINE (IL)",0.84765625,0.424418604651163,0.315891472868217,0.284883720930233,0.4677734375,"DAVENPORT (IA) - ROCK ISLAND (IL) - MOLINE (IL)","Davenport IA-Rock Island-Moline IL",71,70.53,7.97182187123586,"DAV"
"52",52,"DAYTON (OH)",0.828042328042328,0.468253968253968,0.271164021164021,0.361111111111111,0.482142857142857,"DAYTON (OH)","Dayton OH",63,62.53,7.05744650439617,"DAY"
"53",53,"DENVER (CO)",0.824271844660194,0.413759689922481,0.235009671179884,0.325242718446602,0.449462890625,"DENVER (CO)","Denver CO",63,63.87,7.46588851010875,"DEN"
"54",54,"DES MOINES (IA) - AMES (IA)",0.823529411764706,0.403743315508021,0.318181818181818,0.331989247311828,0.469422043010753,"DES MOINES (IA) - AMES (IA)","Des Moines-Ames IA",67,68.4,8.08462415101193,"DES"
"55",55,"DETROIT (MI)",0.826672104404568,0.458809135399674,0.313316993464052,0.3278955954323,0.481617647058824,"DETROIT (MI)","Detroit MI",55,57.87,7.16112807716845,"DET"
"56",56,"DOTHAN (AL)",0.8375,0.6875,0.3125,0.4125,0.5625,"DOTHAN (AL)","Dothan AL",67,67.4,7.77981668406225,"DOT"
"57",57,"DULUTH (MN) - SUPERIOR (WI)",0.795731707317073,0.417682926829268,0.23780487804878,0.338414634146341,0.447408536585366,"DULUTH (MN) - SUPERIOR (WI)","Duluth MN-Superior WI",76,78.4,9.41810390565627,"DUL"
"58",58,"EL PASO (TX)",0.846590909090909,0.528409090909091,0.1875,0.369318181818182,0.482954545454545,"EL PASO (TX)","El Paso TX",48,47.87,5.44662723033465,"EL "
"59",59,"ELMIRA (NY)",0.8625,0.520833333333333,0.308333333333333,0.316666666666667,0.502083333333333,"ELMIRA (NY)","Elmira NY",78,78.4,9.03708281346681,"ELM"
"60",60,"ERIE (PA)",0.833333333333333,0.493243243243243,0.337837837837838,0.364864864864865,0.50731981981982,"ERIE (PA)","Erie PA",76,75.87,8.64694101427355,"ERI"
"61",61,"EUGENE (OR)",0.835185185185185,0.383333333333333,0.192164179104478,0.294444444444444,0.426772388059701,"EUGENE (OR)","Eugene OR",70,69.87,7.96115948914379,"EUG"
"62",62,"EUREKA (CA)",0.947368421052632,0.381578947368421,0.171052631578947,0.131578947368421,0.407894736842105,"EUREKA (CA)","Eureka CA",74,74.53,8.61952010075043,"EUR"
"63",63,"EVANSVILLE (IN)",0.857954545454545,0.522727272727273,0.295454545454545,0.377840909090909,0.513494318181818,"EVANSVILLE (IN)","Evansville IN",61.87,62.53,7.27272342148322,"EVA"
"64",64,"FAIRBANKS (AK)",0.833333333333333,0.4375,0.1875,0.375,0.458333333333333,"FAIRBANKS (AK)","Fairbanks AK",68,66,7.16257568423795,"FAI"
"65",65,"FARGO (ND) - VALLEY CITY (ND)",0.792079207920792,0.487623762376238,0.297029702970297,0.366336633663366,0.485767326732673,"FARGO (ND) - VALLEY CITY (ND)","Fargo-Valley City ND",66,65.87,7.50397180572395,"FAR"
"66",66,"FLINT (MI) - SAGINAW (MI) - BAY CITY (MI)",0.825966850828729,0.509668508287293,0.306629834254144,0.3125,0.489236111111111,"FLINT (MI) - SAGINAW (MI) - BAY CITY (MI)","Flint-Saginaw-Bay City MI",65.87,65.87,7.52873817671626,"FLI"
"67",67,"FLORENCE (SC) - MYRTLE BEACH (SC)",0.848214285714286,0.541666666666667,0.285714285714286,0.327380952380952,0.500744047619048,"FLORENCE (SC) - MYRTLE BEACH (SC)","Florence-Myrtle Beach SC",80,79.87,9.1041286976934,"FLO"
"68",68,"FRESNO (CA) - VISALIA (CA)",0.815533980582524,0.492718446601942,0.310679611650485,0.339805825242718,0.489684466019417,"FRESNO (CA) - VISALIA (CA)","Fresno-Visalia CA",59,59.53,6.90506628792602,"FRE"
"69",69,"FT. MYERS (FL) - NAPLES (FL)",0.789325842696629,0.515277777777778,0.319444444444444,0.359722222222222,0.495786516853933,"FT. MYERS (FL) - NAPLES (FL)","Ft. Myers-Naples FL",58,57,6.32441394263803,"FT."
"70",70,"FT. SMITH (AR) - FAY (AR) - SPRINGDALE (AR) - ROGERS (AR)",0.790909090909091,0.547727272727273,0.286363636363636,0.381818181818182,0.501704545454545,"FT. SMITH (AR) - FAY (AR) - SPRINGDALE (AR) - ROGERS (AR)","Ft. Smith-Fayetteville-Springdale-Rogers AR",63,64.93,7.78898442507543,"FT."
"71",71,"FT. WAYNE (IN)",0.810344827586207,0.547413793103448,0.308189655172414,0.377155172413793,0.510775862068966,"FT. WAYNE (IN)","Ft. Wayne IN",65,65.74,7.65485738111522,"FT."
"72",72,"GAINESVILLE (FL)",0.845744680851064,0.420212765957447,0.292553191489362,0.297872340425532,0.464095744680851,"GAINESVILLE (FL)","Gainesville FL",54,55.4,6.59876417989744,"GAI"
"73",73,"GRAND JUNCTION (CO) - MONTROSE (CO)",0.7734375,0.53125,0.2890625,0.421875,0.50390625,"GRAND JUNCTION (CO) - MONTROSE (CO)","Grand Junction-Montrose CO",71,68.53,7.36220693733648,"GRA"
"74",74,"GRAND RAPIDS (MI) - KALAMAZOO (MI) - BATTLE CREEK (MI)",0.824281150159744,0.484775641025641,0.299520766773163,0.337060702875399,0.485977564102564,"GRAND RAPIDS (MI) - KALAMAZOO (MI) - BATTLE CREEK (MI)","Grand Rapids-Kalamazoo-Battle Creek MI",64,64.4,7.43692592149736,"GRA"
"75",75,"GREAT FALLS (MT)",0.830357142857143,0.589285714285714,0.241071428571429,0.366071428571429,0.506696428571429,"GREAT FALLS (MT)","Great Falls MT",82,83.87,9.9423374733027,"GRE"
"76",76,"GREEN BAY (WI) - APPLETON (WI)",0.794471153846154,0.497596153846154,0.317632850241546,0.334541062801932,0.485740291262136,"GREEN BAY (WI) - APPLETON (WI)","Green Bay-Appleton WI",67,67.4,7.77981668406225,"GRE"
"77",77,"GREENSBORO (NC) - HIGH POINT (NC) - WINSTON SALEM (NC)",0.840909090909091,0.461174242424242,0.273764258555133,0.323863636363636,0.474809885931559,"GREENSBORO (NC) - HIGH POINT (NC) - WINSTON SALEM (NC)","Greensboro-High Point-Winston Salem NC",64,64.87,7.58018543096372,"GRE"
"78",78,"GREENVILLE (NC) - NEW BERN (NC) - WASHINGTON (NC)",0.75,0.64527027027027,0.260135135135135,0.39527027027027,0.512668918918919,"GREENVILLE (NC) - NEW BERN (NC) - WASHINGTON (NC)","Greenville-New Bern-Washington NC",70,71.4,8.42751491357682,"GRE"
"79",79,"GREENVILLE (SC) - SPARTANBURG (SC) - ASHEVILLE (NC) - ANDERSON (SC)",0.798780487804878,0.544425087108014,0.31794425087108,0.340592334494773,0.500435540069686,"GREENVILLE (SC) - SPARTANBURG (SC) - ASHEVILLE (NC) - ANDERSON (SC)","Greenville-Spartanburg SC-Asheville NC-Anderson SC",71,71.53,8.27662933818555,"GRE"
"80",80,"GREENWOOD (MS) - GREENVILLE (MS)",0.875,0.65625,0.3125,0.4375,0.5703125,"GREENWOOD (MS) - GREENVILLE (MS)","Greenwood-Greenville MS",82,83.27,9.75945299313288,"GRE"
"81",81,"HARLINGEN (TX) - WESLACO (TX) - BROWNSVILLE (TX) - MCALLEN (TX)",0.848214285714286,0.5625,0.3125,0.419642857142857,0.535714285714286,"HARLINGEN (TX) - WESLACO (TX) - BROWNSVILLE (TX) - MCALLEN (TX)","Harlingen-Weslaco-Brownsville-McAllen TX",46,47,5.56246582627788,"HAR"
"82",82,"HARRISBURG (PA) - LANCASTER (PA) - LEBANON (PA) - YORK (PA)",0.808866279069767,0.501453488372093,0.290697674418605,0.332122093023256,0.48328488372093,"HARRISBURG (PA) - LANCASTER (PA) - LEBANON (PA) - YORK (PA)","Harrisburg-Lancaster-Lebanon-York PA",68,67.53,7.62893110867097,"HAR"
"83",83,"HARRISONBURG (VA)",0.833333333333333,0.35,0.2,0.2,0.395833333333333,"HARRISONBURG (VA)","Harrisonburg VA",69,70.4,8.31321799272185,"HAR"
"84",84,"HARTFORD (CT) - NEW HAVEN (CT)",0.849862258953168,0.407458563535912,0.26717032967033,0.31404958677686,0.459027777777778,"HARTFORD (CT) - NEW HAVEN (CT)","Hartford & New Haven CT",59,60.4,7.17024878417225,"HAR"
"85",85,"HATTIESBURG (MS) - LAUREL (MS)",0.763157894736842,0.618421052631579,0.263157894736842,0.394736842105263,0.509868421052632,"HATTIESBURG (MS) - LAUREL (MS)","Hattiesburg-Laurel MS",56,56,6.4006275678778,"HAT"
"86",86,"HELENA (MT)",0.770833333333333,0.4375,0.25,0.386363636363636,0.426136363636364,"HELENA (MT)","Helena MT",72,72.4,8.35130128833705,"HEL"
"87",87,"HONOLULU (HI)",0.849315068493151,0.410958904109589,0.229452054794521,0.297945205479452,0.446917808219178,"HONOLULU (HI)","Honolulu HI",41,41.34,4.78980829381628,"HON"
"88",88,"HOUSTON (TX)",0.787,0.49498997995992,0.290080160320641,0.377510040160643,0.487298792756539,"HOUSTON (TX)","Houston TX",53,53.87,6.32291930155915,"HOU"
"89",89,"HUNTSVILLE (AL) - DECATUR (AL) - FLORENCE (AL)",0.7925,0.535,0.2725,0.366161616161616,0.491792929292929,"HUNTSVILLE (AL) - DECATUR (AL) - FLORENCE (AL)","Huntsville-Decatur (Florence) AL",63,62.53,7.05744650439617,"HUN"
"90",90,"IDAHO FALLS (ID) - POCATELLO (ID)",0.762820512820513,0.493421052631579,0.307692307692308,0.371794871794872,0.481907894736842,"IDAHO FALLS (ID) - POCATELLO (ID)","Idaho Falls-Pocatello ID",68,66.4,7.28449867101783,"IDA"
"91",91,"INDIANAPOLIS (IN)",0.826280623608018,0.479955456570156,0.248325892857143,0.330357142857143,0.470917225950783,"INDIANAPOLIS (IN)","Indianapolis IN",58,58.4,6.75114439636759,"IND"
"92",92,"JACKSON (MS)",0.783898305084746,0.570833333333333,0.291666666666667,0.375,0.505387931034483,"JACKSON (MS)","Jackson MS",53,53.4,6.17965979209279,"JAC"
"93",93,"JACKSON (TN)",0.75,0.607142857142857,0.238095238095238,0.369047619047619,0.491071428571429,"JACKSON (TN)","Jackson TN",65,63,6.81968492167307,"JAC"
"94",94,"JACKSONVILLE (FL)",0.771966527196653,0.531120331950207,0.289583333333333,0.385416666666667,0.493670886075949,"JACKSONVILLE (FL)","Jacksonville FL",57,56.87,6.4752995180293,"JAC"
"95",95,"JOHNSTOWN (PA) - ALTOONA (PA)",0.816275167785235,0.553691275167785,0.327441077441077,0.351510067114094,0.512415824915825,"JOHNSTOWN (PA) - ALTOONA (PA)","Johnstown-Altoona PA",62,61.87,7.0467841223041,"JOH"
"96",96,"JONESBORO (AR)",0.776785714285714,0.607142857142857,0.348214285714286,0.4375,0.542410714285714,"JONESBORO (AR)","Jonesboro AR",58,57.87,6.58959643888426,"JON"
"97",97,"JOPLIN (MO) - PITTSBURG (KS)",0.810606060606061,0.518939393939394,0.299242424242424,0.306818181818182,0.483901515151515,"JOPLIN (MO) - PITTSBURG (KS)","Joplin MO-Pittsburg KS",79,78.74,8.95020680613497,"JOP"
"98",98,"JUNEAU (AK)",1,0.4375,0.375,0.6875,0.625,"JUNEAU (AK)","Juneau AK",81,81.74,9.48360811479458,"JUN"
"99",99,"KANSAS CITY (MO)",0.812861271676301,0.446531791907514,0.270953757225434,0.321739130434783,0.46268115942029,"KANSAS CITY (MO)","Kansas City MO",62,61.53,6.94314958354121,"KAN"
"100",100,"KINGSPORT (TN) - JOHNSON CITY (TN) - BRISTOL (TN)",0.785398230088496,0.573008849557522,0.303097345132743,0.379464285714286,0.510602678571429,"KINGSPORT (TN) - JOHNSON CITY (TN) - BRISTOL (TN)","Knoxville TN",71,71.4,8.23700436748209,"KNO"
"101",101,"KNOXVILLE (TN)",0.789237668161435,0.520179372197309,0.306053811659193,0.372171945701357,0.496889140271493,"KNOXVILLE (TN)","La Crosse-Eau Claire WI",74,73.53,8.31471263380074,"LA "
"102",102,"LA CROSSE (WI) - EAU CLAIRE (WI)",0.782407407407407,0.467592592592593,0.319444444444444,0.31712962962963,0.471643518518519,"LA CROSSE (WI) - EAU CLAIRE (WI)","Lafayette IN",53.87,54.4,6.31872308394007,"LAF"
"103",103,"LAFAYETTE (IN)",0.8125,0.366071428571429,0.276785714285714,0.294642857142857,0.4375,"LAFAYETTE (IN)","Lafayette LA",48.87,49.4,5.74723847966527,"LAF"
"104",104,"LAFAYETTE (LA)",0.761904761904762,0.577380952380952,0.303571428571429,0.375,0.504464285714286,"LAFAYETTE (LA)","Lake Charles LA",64,65.4,7.74173338844705,"LAK"
"105",105,"LAKE CHARLES (LA)",0.758620689655172,0.603448275862069,0.321428571428571,0.370689655172414,0.508928571428571,"LAKE CHARLES (LA)","Lansing MI",61,61.87,7.23729466839883,"LAN"
"106",106,"LANSING (MI)",0.807017543859649,0.43695652173913,0.258695652173913,0.367391304347826,0.464912280701754,"LANSING (MI)","Laredo TX",57,57.87,6.78010698497899,"LAR"
"107",107,"LAREDO (TX)",1,0.166666666666667,0.5,0.416666666666667,0.520833333333333,"LAREDO (TX)","Las Vegas NV",48,47,5.18144473408842,"LAS"
"108",108,"LAS VEGAS (NV)",0.814465408805031,0.502358490566038,0.31996855345912,0.35410094637224,0.497239747634069,"LAS VEGAS (NV)","Lexington KY",62,62.53,7.2479570504909,"LEX"
"109",109,"LEXINGTON (KY)",0.804245283018868,0.527122641509434,0.275943396226415,0.378537735849057,0.496462264150943,"LEXINGTON (KY)","Lima OH",68.87,69.4,8.03317689676448,"LIM"
"110",110,"LIMA (OH)",0.81,0.583333333333333,0.28125,0.38,0.513586956521739,"LIMA (OH)","Lincoln & Hastings-Kearney NE",69,69,7.88648753899229,"LIN"
"111",111,"LINCOLN (NE) - HASTINGS (NE) - KEARNEY (NE)",0.791666666666667,0.445652173913043,0.254385964912281,0.376086956521739,0.46570796460177,"LINCOLN (NE) - HASTINGS (NE) - KEARNEY (NE)","Little Rock-Pine Bluff AR",62,62.53,7.2479570504909,"LIT"
"112",112,"LITTLE ROCK (AR) - PINE BLUFF (AR)",0.825503355704698,0.523489932885906,0.323825503355705,0.305369127516779,0.494546979865772,"LITTLE ROCK (AR) - PINE BLUFF (AR)","Los Angeles CA",47,47.87,5.63713777642938,"LOS"
"113",113,"LOS ANGELES (CA)",0.838958333333333,0.420625,0.284670008354219,0.349540901502504,0.473101929530201,"LOS ANGELES (CA)","Louisville KY",60,60.4,6.97973823807752,"LOU"
"114",114,"LOUISVILLE (KY)",0.813333333333333,0.458888888888889,0.312222222222222,0.336666666666667,0.480277777777778,"LOUISVILLE (KY)","Lubbock TX",62,63.4,7.51313954673713,"LUB"
"115",115,"LUBBOCK (TX)",0.6875,0.597222222222222,0.222222222222222,0.485714285714286,0.494642857142857,"LUBBOCK (TX)","Macon GA",62,62.06,7.10469754102455,"MAC"
"116",116,"MACON (GA)",0.771428571428571,0.603571428571429,0.389285714285714,0.414285714285714,0.544642857142857,"MACON (GA)","Madison WI",70,72.4,8.73232238052651,"MAD"
"117",117,"MADISON (WI)",0.838862559241706,0.316666666666667,0.300947867298578,0.280805687203791,0.43422619047619,"MADISON (WI)","Mankato MN",72,75.27,9.22609871848266,"MAN"
"118",118,"MANKATO (MN)",0.777777777777778,0.472222222222222,0.305555555555556,0.375,0.482638888888889,"MANKATO (MN)","Marquette MI",72,73.4,8.65610875528674,"MAR"
"119",119,"MARQUETTE (MI)",0.817073170731707,0.426829268292683,0.310975609756098,0.353658536585366,0.477134146341463,"MARQUETTE (MI)","Medford-Klamath Falls OR",83,83.87,9.75182692720797,"MED"
"120",120,"MEDFORD (OR) - KLAMATH FALLS (OR)",0.834459459459459,0.489864864864865,0.263698630136986,0.280405405405405,0.468321917808219,"MEDFORD (OR) - KLAMATH FALLS (OR)","Memphis TN",63,62.53,7.05744650439617,"MEM"
"121",121,"MEMPHIS (TN)",0.801587301587302,0.58,0.337301587301587,0.348790322580645,0.515243902439024,"MEMPHIS (TN)","Meridian MS",69,69.87,8.15167003523852,"MER"
"122",122,"MERIDIAN (MS)",0.708333333333333,0.770833333333333,0.375,0.604166666666667,0.614583333333333,"MERIDIAN (MS)","Miami-Ft. Lauderdale FL",39,39.53,4.6191278708268,"MIA"
"123",123,"MIAMI (FL) - FT. LAUDERDALE (FL)",0.821888412017167,0.425965665236052,0.31573275862069,0.333690987124464,0.473868534482759,"MIAMI (FL) - FT. LAUDERDALE (FL)","Milwaukee WI",68,68.53,7.93373857562066,"MIL"
"124",124,"MILWAUKEE (WI)",0.805699481865285,0.482467532467532,0.33160621761658,0.321891191709845,0.485551948051948,"MILWAUKEE (WI)","Minneapolis-St. Paul MN",64,63.34,7.11383000653069,"MIN"
"125",125,"MINNEAPOLIS (MN) - ST. PAUL (MN)",0.818047337278107,0.393860946745562,0.3,0.320845697329377,0.458209509658247,"MINNEAPOLIS (MN) - ST. PAUL (MN)","Minot-Bismarck-Dickinson(Williston) ND",68,69.4,8.19892107186689,"MIN"
"126",126,"MINOT (ND) - BISMARCK (ND) - DICKINSON (ND)",0.875,0.477272727272727,0.301136363636364,0.227272727272727,0.470170454545455,"MINOT (ND) - BISMARCK (ND) - DICKINSON (ND)","Missoula MT",78,77.87,8.87553485598348,"MIS"
"127",127,"MISSOULA (MT)",0.76219512195122,0.470238095238095,0.19047619047619,0.458333333333333,0.467987804878049,"MISSOULA (MT)","Mobile AL-Pensacola (Ft. Walton Beach) FL",61.87,61.53,6.96791595453353,"MOB"
"128",128,"MOBILE (AL) - PENSACOLA (FL) - FT. WALTON (FL)",0.810294117647059,0.554411764705882,0.300295857988166,0.363235294117647,0.506656804733728,"MOBILE (AL) - PENSACOLA (FL) - FT. WALTON (FL)","Monroe LA-El Dorado AR",67,68.4,8.08462415101193,"MON"
"129",129,"MONROE (LA) - EL DORADO (AR)",0.77,0.625,0.355,0.395,0.53625,"MONROE (LA) - EL DORADO (AR)","Monterey-Salinas CA",62,62.4,7.20833207978744,"MON"
"130",130,"MONTEREY (CA) - SALINAS (CA)",0.855,0.35,0.185,0.265,0.41375,"MONTEREY (CA) - SALINAS (CA)","Montgomery (Selma) AL",57.87,59.4,7.0807182343096,"MON"
"131",131,"MONTGOMERY (AL) - SELMA (AL)",0.807692307692308,0.576923076923077,0.394230769230769,0.389423076923077,0.542067307692308,"MONTGOMERY (AL) - SELMA (AL)","Nashville TN",58,59.06,6.95231732455439,"NAS"
"132",132,"NASHVILLE (TN)",0.802023121387283,0.523706896551724,0.309798270893372,0.376801152737752,0.501998546511628,"NASHVILLE (TN)","New Orleans LA",52,51.87,5.9038149137545,"NEW"
"133",133,"NEW ORLEANS (LA)",0.802364864864865,0.538851351351351,0.333333333333333,0.319256756756757,0.497448979591837,"NEW ORLEANS (LA)","New York NY",55,55.53,6.44787860450617,"NEW"
"134",134,"NEW YORK (NY)",0.841430499325236,0.418016194331984,0.320040668775418,0.34375,0.480821606899682,"NEW YORK (NY)","Norfolk-Portsmouth-Newport News VA",65,65.87,7.69448235181868,"NOR"
"135",135,"NORFOLK (VA) - PORTSMOUTH (VA) - NEWPORT NEWS (VA)",0.807077625570776,0.485159817351598,0.28310502283105,0.319444444444444,0.473958333333333,"NORFOLK (VA) - PORTSMOUTH (VA) - NEWPORT NEWS (VA)","North Platte NE",79,80.27,9.416562230568,"NOR"
"136",136,"NORTH PLATTE (NE)",1,0.4,0.3,0.25,0.4875,"NORTH PLATTE (NE)","Odessa-Midland TX",66,65.4,7.3607122962576,"ODE"
"137",137,"ODESSA (TX) - MIDLAND (TX)",0.833333333333333,0.523809523809524,0.261904761904762,0.357142857142857,0.494047619047619,"ODESSA (TX) - MIDLAND (TX)","Oklahoma City OK",56,55.87,6.36100259717434,"OKL"
"138",138,"OKLAHOMA CITY (OK)",0.800233644859813,0.455607476635514,0.269953051643192,0.367990654205608,0.473004694835681,"OKLAHOMA CITY (OK)","Omaha NE",64,64.87,7.58018543096372,"OMA"
"139",139,"OMAHA (NE)",0.828042328042328,0.428571428571429,0.30026455026455,0.346052631578947,0.475601604278075,"OMAHA (NE)","Orlando-Daytona Beach-Melbourne FL",52,52.53,6.10498784194129,"ORL"
"140",140,"ORLANDO (FL) - DAYTONA BEACH (FL) - MELBOURNE (FL)",0.802631578947368,0.511695906432749,0.311217008797654,0.335285505124451,0.489030235988201,"ORLANDO (FL) - DAYTONA BEACH (FL) - MELBOURNE (FL)","Ottumwa IA-Kirksville MO",84,83.87,9.56131638111324,"OTT"
"141",141,"OTTUMWA (IA) - KIRKSVILLE (MO)",0.821428571428571,0.660714285714286,0.25,0.446428571428571,0.543269230769231,"OTTUMWA (IA) - KIRKSVILLE (MO)","Paducah KY-Cape Girardeau MO-Harrisburg-Mount Vernon IL",67,67,7.65789369728237,"PAD"
"142",142,"PADUCAH (KY) - CAPE GIRARDEAU (MO) - HARRISBURG (IL) - MT VERNON (KS)",0.77891156462585,0.564625850340136,0.312925170068027,0.404761904761905,0.51530612244898,"PADUCAH (KY) - CAPE GIRARDEAU (MO) - HARRISBURG (IL) - MT VERNON (KS)","Panama City FL",77,78.4,9.22759335956154,"PAN"
"143",143,"PANAMA CITY (FL)",0.775,0.595,0.34,0.365,0.51875,"PANAMA CITY (FL)","Parkersburg WV",69,67.87,7.54205510133914,"PAR"
"144",144,"PARKERSBURG (WV)",0.844827586206897,0.53448275862069,0.198275862068966,0.293103448275862,0.467672413793103,"PARKERSBURG (WV)","Peoria-Bloomington IL",62,62,7.08640909300756,"PEO"
"145",145,"PEORIA (IL) - BLOOMINGTON (IL)",0.795180722891566,0.469879518072289,0.283132530120482,0.355421686746988,0.475903614457831,"PEORIA (IL) - BLOOMINGTON (IL)","Philadelphia PA",58,59.53,7.09557683402075,"PHI"
"146",146,"PHILADELPHIA (PA)",0.813671209540034,0.462978723404255,0.292163543441227,0.324445392491468,0.473329048843188,"PHILADELPHIA (PA)","Phoenix AZ",48,48,5.48625220103811,"PHO"
"147",147,"PHOENIX (AZ)",0.800064599483204,0.496124031007752,0.265180878552972,0.368046571798189,0.482711038961039,"PHOENIX (AZ)","Pittsburgh PA",62,61.87,7.0467841223041,"PIT"
"148",148,"PITTSBURGH (PA)",0.82105719237435,0.488321799307958,0.31401384083045,0.326822916666667,0.4875,"PITTSBURGH (PA)","Portland OR",58,58.53,6.79076936707106,"POR"
"149",149,"PORTLAND (OR)",0.846434359805511,0.373170731707317,0.222357723577236,0.295934959349594,0.433715220949264,"PORTLAND1","Portland-Auburn ME",75,75.27,8.65456708019847,"POR"
"150",150,"PORTLAND (ME) - AUBURN (ME)",0.841232227488152,0.413915094339623,0.232311320754717,0.324644549763033,0.454761904761905,"PORTLAND2","Presque Isle ME",93,93.74,10.8551711650541,"PRE"
"151",151,"PRESQUE ISLE (ME)",0.825,0.375,0.3375,0.3,0.459375,"PRESQUE ISLE (ME)","Providence RI-New Bedford MA",65,64.34,7.22812692738565,"PRO"
"152",152,"PROVIDENCE (RI) - NEW BEDFORD (MA)",0.830645161290323,0.435483870967742,0.272177419354839,0.316801619433198,0.463562753036437,"PROVIDENCE (RI) - NEW BEDFORD (MA)","Quincy IL-Hannibal MO-Keokuk IA",80.87,83.27,9.97472991021992,"QUI"
"153",153,"QUINCY (IL) - HANNIBAL (MO) - KEOKUK (IA)",0.779761904761905,0.482142857142857,0.31547619047619,0.375,0.488095238095238,"QUINCY (IL) - HANNIBAL (MO) - KEOKUK (IA)","Raleigh-Durham (Fayetteville) NC",59,60.93,7.33179674165558,"RAL"
"154",154,"RALEIGH (NC) - DURHAM (NC) - FAYETTEVILLE (NC)",0.799295774647887,0.436619718309859,0.28257790368272,0.283802816901408,0.451310198300283,"RALEIGH (NC) - DURHAM (NC) - FAYETTEVILLE (NC)","Rapid City SD",82,81.4,9.18946302993697,"RAP"
"155",155,"RAPID CITY (SD)",0.770833333333333,0.493055555555556,0.277777777777778,0.354166666666667,0.473958333333333,"RAPID CITY (SD)","Reno NV",69,68.4,7.70360305882248,"REN"
"156",156,"RENO (NV)",0.783018867924528,0.476415094339623,0.224056603773585,0.346698113207547,0.457547169811321,"RENO (NV)","Richmond-Petersburg VA",63,64.4,7.62743646759209,"RIC"
"157",157,"RICHMOND (VA) - PETERSBURG (VA)",0.791457286432161,0.477386934673367,0.314070351758794,0.353535353535354,0.483901515151515,"RICHMOND (VA) - PETERSBURG (VA)","Roanoke-Lynchburg VA",42,43.53,5.26682610034138,"ROA"
"158",158,"ROANOKE (VA) - LYNCHBURG (VA)",0.810546875,0.5078125,0.294921875,0.3359375,0.4873046875,"ROANOKE (VA) - LYNCHBURG (VA)","Rochester MN-Mason City IA-Austin MN",70,69.74,7.92153451844033,"ROC"
"159",159,"ROCHESTER (MN) - MASON CITY (IA) - AUSTIN (MN)",0.864285714285714,0.478571428571429,0.342857142857143,0.3,0.496428571428571,"ROCHESTER (MN) - MASON CITY (IA) - AUSTIN (MN)","Rochester NY",63,61.66,6.79226400814994,"ROC"
"160",160,"ROCHESTER (NY)",0.761194029850746,0.50125,0.295,0.34452736318408,0.474874371859296,"ROCHESTER (NY)","Rockford IL",77,78.06,9.12395882079865,"ROC"
"161",161,"ROCKFORD (IL)",0.789634146341463,0.521084337349398,0.370481927710843,0.328313253012048,0.501524390243902,"ROCKFORD (IL)","Sacramento-Stockton-Modesto CA",61,60.53,6.82885266268625,"SAC"
"162",162,"SACRAMENTO (CA) - STOCKTON (CA) - MODESTO (CA)",0.806615776081425,0.435750636132316,0.262755102040816,0.330152671755725,0.458547557840617,"SACRAMENTO (CA) - STOCKTON (CA) - MODESTO (CA)","Salisbury MD",81,81.4,9.37997357603169,"SAL"
"163",163,"SALISBURY (MD)",0.8359375,0.49609375,0.3046875,0.2890625,0.4814453125,"SALISBURY (MD)","Salt Lake City UT",53,54.4,6.48446725904248,"SAL"
"164",164,"SALT LAKE CITY (UT)",0.812179487179487,0.490359897172236,0.230128205128205,0.380769230769231,0.478470437017995,"SALT LAKE CITY (UT)","San Angelo TX",74.87,74.4,8.41415095494455,"SAN"
"165",165,"SAN ANGELO (TX)",0.923076923076923,0.375,0.142857142857143,0.339285714285714,0.423076923076923,"SAN ANGELO (TX)","San Antonio TX",55,56.4,6.7130611007524,"SAN"
"166",166,"SAN ANTONIO (TX)",0.800213675213675,0.502127659574468,0.280982905982906,0.347872340425532,0.482296137339056,"SAN ANTONIO (TX)","San Diego CA",50,49.87,5.67522107204457,"SAN"
"167",167,"SAN DIEGO (CA)",0.78971119133574,0.444945848375451,0.239169675090253,0.338447653429603,0.453068592057762,"SAN DIEGO (CA)","San Francisco-Oakland-San Jose CA",45,45,5.14336143847323,"SAN"
"168",168,"SAN FRANCISCO (CA) - OAKLAND (CA) - SAN JOSE (CA)",0.85556464811784,0.290441176470588,0.268412438625205,0.261065573770492,0.418688322368421,"SAN FRANCISCO (CA) - OAKLAND (CA) - SAN JOSE (CA)","Santa Barbara-Santa Maria-San Luis Obispo CA",63.87,64.27,7.42206732178622,"SAN"
"169",169,"SANTA BARBARA (CA) - SAN MARCOS (CA) - SAN LUIS OBISPO (CA)",0.802816901408451,0.380281690140845,0.288732394366197,0.264084507042254,0.433978873239437,"SANTA BARBARA (CA) - SAN MARCOS (CA) - SAN LUIS OBISPO (CA)","Savannah GA",65.87,65.93,7.54702662473325,"SAV"
"170",170,"SAVANNAH (GA)",0.79320987654321,0.561728395061728,0.209876543209877,0.351851851851852,0.479166666666667,"SAVANNAH (GA)","Seattle-Tacoma WA",62,62.53,7.2479570504909,"SEA"
"171",171,"SEATTLE (WA) - TACOMA (WA)",0.832572298325723,0.369300911854103,0.239329268292683,0.286149162861492,0.431774809160305,"SEATTLE (WA) - TACOMA (WA)","Sherman TX-Ada OK",73,74.4,8.7704056761417,"SHE"
"172",172,"SHERMAN (TX) - ADA (OK)",0.840277777777778,0.541666666666667,0.277777777777778,0.416666666666667,0.519097222222222,"SHERMAN (TX) - ADA (OK)","Shreveport LA",66,67.27,7.93070225945351,"SHR"
"173",173,"SHREVEPORT (LA)",0.798387096774194,0.701612903225806,0.30241935483871,0.387096774193548,0.547379032258065,"SHREVEPORT (LA)","Sioux City IA",78,77,8.61035235973725,"SIO"
"174",174,"SIOUX CITY (IA)",0.76271186440678,0.601694915254237,0.377118644067797,0.389830508474576,0.532838983050847,"SIOUX CITY (IA)","Sioux Falls(Mitchell) SD",69,68.4,7.70360305882248,"SIO"
"175",175,"SIOUX FALLS (SD) - MITCHELL (SD)",0.834134615384615,0.466346153846154,0.262019230769231,0.33495145631068,0.473300970873786,"SIOUX FALLS (SD) - MITCHELL (SD)","South Bend-Elkhart IN",65,66.53,7.89565528000547,"SOU"
"176",176,"SOUTH BEND (IN) - ELKHART (IN)",0.815602836879433,0.537234042553192,0.296099290780142,0.359929078014184,0.502216312056738,"SOUTH BEND (IN) - ELKHART (IN)","Spokane WA",69,68.4,7.70360305882248,"SPO"
"177",177,"SPOKANE (WA)",0.776995305164319,0.487089201877934,0.237089201877934,0.377934272300469,0.469776995305164,"SPOKANE (WA)","Springfield MO",72,71.21,7.98858040266692,"SPR"
"178",178,"SPRINGFIELD (MO)",0.79625,0.542713567839196,0.30375,0.384422110552764,0.506313131313131,"SPRINGFIELD1","Springfield-Holyoke MA",67,66.4,7.47500921711256,"SPR"
"179",179,"SPRINGFIELD (MA) - HOLYOKE (MA)",0.875,0.395089285714286,0.238839285714286,0.247747747747748,0.438063063063063,"SPRINGFIELD2","St. Joseph MO",67,68.87,8.22788366047829,"ST."
"180",180,"ST. JOSEPH (MO)",0.75,0.434782608695652,0.260869565217391,0.358695652173913,0.451086956521739,"ST. JOSEPH (MO)","St. Louis MO",58,57.87,6.58959643888426,"ST."
"181",181,"ST. LOUIS (MO)",0.82387706855792,0.468085106382979,0.303191489361702,0.308649289099526,0.475710900473934,"ST. LOUIS (MO)","Syracuse NY",66,66.21,7.60760634448684,"SYR"
"182",182,"SYRACUSE (NY)",0.851063829787234,0.429521276595745,0.300531914893617,0.303191489361702,0.471077127659574,"SYRACUSE (NY)","Tallahassee FL-Thomasville GA",59.87,59.4,6.69969714212014,"TAL"
"183",183,"TALLAHASSEE (FL) - THOMASVILLE (GA)",0.788659793814433,0.492268041237113,0.239690721649485,0.319587628865979,0.460051546391753,"TALLAHASSEE (FL) - THOMASVILLE (GA)","Tampa-St. Petersburg (Sarasota) FL",54,53.74,6.09278378476096,"TAM"
"184",184,"TAMPA (FL) - ST. PETERSBURG (FL) - SARASOTA (FL)",0.815746753246753,0.494577006507592,0.295010845986985,0.333965330444204,0.484579694323144,"TAMPA (FL) - ST. PETERSBURG (FL) - SARASOTA (FL)","Terre Haute IN",69,67.87,7.54205510133914,"TER"
"185",185,"TERRE HAUTE (IN)",0.84375,0.535714285714286,0.352678571428571,0.303571428571429,0.508928571428571,"TERRE HAUTE (IN)","Toledo OH",64,63.87,7.27537796401402,"TOL"
"186",186,"TOLEDO (OH)",0.800518134715026,0.462628865979381,0.332474226804124,0.358247422680412,0.488989637305699,"TOLEDO (OH)","Topeka KS",69,70.27,8.27359302201839,"TOP"
"187",187,"TOPEKA (KS)",0.81,0.456666666666667,0.31,0.396666666666667,0.493333333333333,"TOPEKA (KS)","Traverse City-Cadillac MI",81,83.27,9.94996353922761,"TRA"
"188",188,"TRAVERSE CITY (MI) - CADILLAC (MI)",0.804347826086957,0.53695652173913,0.31359649122807,0.339130434782609,0.498355263157895,"TRAVERSE CITY (MI) - CADILLAC (MI)","Tri-Cities TN-VA",69.13,70.4,8.28845162172954,"TRI"
"189",189,"TRI-CITIES, TN-VA",0.805555555555556,0.472222222222222,0.305555555555556,0.388888888888889,0.493055555555556,"TRI-CITIES, TN-VA","Tucson (Sierra Vista) AZ",55,54.87,6.24670567631938,"TUC"
"190",190,"TUCSON (AZ) - SIERRA VISTA (AZ)",0.806763285024155,0.460144927536232,0.236714975845411,0.349033816425121,0.463164251207729,"TUCSON (AZ) - SIERRA VISTA (AZ)","Tulsa OK",56,56.34,6.5042621066407,"TUL"
"191",191,"TULSA (OK)",0.802364864864865,0.51530612244898,0.253378378378378,0.319256756756757,0.472363945578231,"TULSA (OK)","Twin Falls ID",75,77.4,9.30380698480131,"TWI"
"192",192,"TWIN FALLS (ID)",0.777777777777778,0.666666666666667,0.152777777777778,0.430555555555556,0.506944444444444,"TWIN FALLS (ID)","Tyler-Longview(Lufkin & Nacogdoches) TX",63,62.87,7.16108104315906,"TYL"
"193",193,"TYLER (TX) - LONGVIEW (TX) - LUFKIN (TX) - NACOGDOCHES (TX)",0.833333333333333,0.566901408450704,0.368055555555556,0.376760563380282,0.534821428571429,"TYLER (TX) - LONGVIEW (TX) - LUFKIN (TX) - NACOGDOCHES (TX)","Utica NY",76.13,76.87,8.92698211023093,"UTI"
"194",194,"UTICA (NY)",0.796875,0.53125,0.302083333333333,0.385416666666667,0.50390625,"UTICA (NY)","Victoria TX",59,58,6.43871086349299,"VIC"
"195",195,"VICTORIA (TX)",0.65,0.8,0.15,0.6,0.55,"VICTORIA (TX)","Waco-Temple-Bryan TX",57,57.34,6.61855902749566,"WAC"
"196",196,"WACO (TX) - TEMPLE (TX) - BRYAN (TX)",0.77710843373494,0.52710843373494,0.301204819277108,0.346385542168675,0.487951807228916,"WACO (TX) - TEMPLE (TX) - BRYAN (TX)","Washington DC (Hagerstown MD)",51,51.53,5.99069092108633,"WAS"
"197",197,"WASHINGTON (DC) - HAGERSTOWN (MD)",0.831668625146886,0.399529964747356,0.271764705882353,0.322143698468787,0.455991124260355,"WASHINGTON (DC) - HAGERSTOWN (MD)","Watertown NY",73,73.87,8.60885771865836,"WAT"
"198",198,"WATERTOWN (NY)",0.794117647058823,0.5,0.242647058823529,0.330882352941176,0.466911764705882,"WATERTOWN (NY)","Wausau-Rhinelander WI",75.87,76.4,8.8332553427492,"WAU"
"199",199,"WAUSAU (WI) - RHINELANDER (WI)",0.773255813953488,0.526162790697674,0.273255813953488,0.351744186046512,0.481104651162791,"WAUSAU (WI) - RHINELANDER (WI)","West Palm Beach-Ft. Pierce FL",48,49,5.7910596679878,"WES"
"200",200,"WEST PALM BEACH (FL) - FT. PIERCE (FL)",0.814311594202899,0.463898916967509,0.280909090909091,0.34115523465704,0.474630996309963,"WEST PALM BEACH (FL) - FT. PIERCE (FL)","Wheeling WV-Steubenville OH",70,71.93,8.58906287106015,"WHE"
"201",201,"WHEELING (WV) - STEUBENVILLE (OH)",0.857142857142857,0.488095238095238,0.28968253968254,0.365079365079365,0.5,"WHEELING (WV) - STEUBENVILLE (OH)","Wichita Falls TX & Lawton OK",69,69,7.88648753899229,"WIC"
"202",202,"WICHITA FALLS (TX) - LAWTON (OK)",0.837209302325581,0.529069767441861,0.284883720930233,0.327380952380952,0.491071428571429,"WICHITA1","Wichita-Hutchinson KS",68,67.4,7.58930613796752,"WIC"
"203",203,"WICHITA (KS) - HUTCHINSON (KS)",0.826241134751773,0.438380281690141,0.3,0.336267605633803,0.473920863309353,"WICHITA2","Wilkes Barre-Scranton PA",68,68.87,8.03737311438356,"WIL"
"204",204,"WILKES BARRE (PA) - SCRANTON (PA)",0.818965517241379,0.53448275862069,0.329575596816976,0.346,0.5075,"WILKES BARRE (PA) - SCRANTON (PA)","Wilmington NC",69,71,8.49610247289167,"WIL"
"205",205,"WILMINGTON (NC)",0.842465753424658,0.448630136986301,0.270547945205479,0.287671232876712,0.462328767123288,"WILMINGTON (NC)","Yakima-Pasco-Richland-Kennewick WA",77,78.06,9.12395882079865,"YAK"
"206",206,"YAKIMA (WA) - PASCO (WA) - RICHLAND (WA) - KENNEWICK (WA)",0.772388059701492,0.522388059701492,0.238805970149254,0.444029850746269,0.494402985074627,"YAKIMA (WA) - PASCO (WA) - RICHLAND (WA) - KENNEWICK (WA)","Youngstown OH",67.13,67.4,7.75505031306993,"YOU"
"207",207,"YOUNGSTOWN (OH)",0.815298507462687,0.556390977443609,0.289179104477612,0.348880597014925,0.50187969924812,"YOUNGSTOWN (OH)","Yuma AZ-El Centro CA",62,61.87,7.0467841223041,"YUM"
"208",208,"YUMA (AZ) - EL CENTRO (CA)",0.852941176470588,0.382352941176471,0.235294117647059,0.382352941176471,0.463235294117647,"YUMA (AZ) - EL CENTRO (CA)","Zanesville OH",67,67,7.65789369728237,"ZAN"
